Unnamed: 0,1,2,3,4,5,6,7,8,9,10,11,12,13,14,15,16,17,18,19,20,21,22,23,24,25,26,27,28,29,30,31,32,33,34,37,38,39,40,42,43,44,45,46,47,48,49,51
2015-01-04,1,0,0,0,0,0,0,0,0,0,0,0,0,0,0,0,0,0,0,0,0,0,0,0,0,0,0,0,0,0,0,0,0,0,0,0,0,0,0,0,0,0,0,0,0,0,0
2015-01-05,0,0,0,0,0,0,0,0,1,0,0,0,0,1,0,0,0,0,0,0,0,0,0,0,0,0,0,0,0,0,0,0,0,0,0,0,0,0,0,0,0,0,0,0,0,0,0
2015-01-06,0,0,0,0,0,0,0,0,0,0,0,0,0,0,0,0,0,0,0,0,0,0,0,0,0,0,0,0,0,0,0,0,0,0,0,0,0,0,0,1,0,0,0,0,0,0,0
2015-01-07,0,0,0,0,0,0,0,0,1,0,0,0,0,0,0,0,0,0,0,0,0,1,0,0,0,0,0,0,3,1,0,0,0,0,0,0,0,0,0,0,0,0,0,0,0,0,0
2015-01-08,0,1,0,0,0,0,0,0,0,0,0,0,0,0,0,0,0,0,0,0,0,0,0,0,0,0,0,0,1,0,0,0,0,0,0,0,0,0,0,0,0,0,0,0,0,0,0
2015-01-09,0,0,0,0,0,0,0,0,1,0,0,0,0,0,0,0,0,0,0,0,0,0,0,0,0,0,0,0,0,0,0,0,0,0,0,0,0,0,0,1,0,0,0,0,0,0,1
2015-01-10,0,0,0,0,0,0,0,0,0,0,0,0,0,0,0,1,0,0,0,0,0,0,0,0,0,0,0,1,0,1,0,1,0,0,0,0,1,0,0,0,0,0,0,0,0,0,0
2015-01-11,0,0,0,0,0,0,0,0,1,0,0,0,0,0,0,0,0,0,0,0,0,0,0,0,0,0,0,0,0,0,0,0,0,0,0,0,0,0,0,0,0,0,0,0,0,0,0
2015-01-12,0,0,0,0,0,0,0,0,0,0,0,0,0,0,0,0,0,0,0,0,0,0,0,0,1,0,0,0,0,1,0,0,0,0,0,0,0,0,0,0,0,0,0,0,0,0,0
2015-01-13,0,0,0,0,0,0,0,0,0,0,0,0,2,0,0,0,0,0,0,0,0,0,0,0,0,0,0,0,0,0,0,0,0,0,0,0,0,0,0,0,0,0,0,0,0,0,0
2015-01-14,0,1,1,1,0,0,2,0,0,0,0,0,0,0,0,0,0,0,0,0,0,0,1,0,0,0,0,0,0,0,0,0,0,0,0,0,0,0,1,0,0,0,0,0,0,0,0
2015-01-15,0,0,1,0,0,0,0,0,0,0,0,0,0,0,0,0,0,0,0,0,0,0,0,0,0,0,0,0,0,0,0,0,0,0,0,0,0,0,0,0,0,0,0,0,0,0,1
2015-01-16,0,0,0,0,0,0,0,0,0,0,0,0,0,0,0,0,0,0,0,0,0,0,0,0,1,0,0,0,0,0,0,0,0,0,0,0,0,0,0,0,0,0,0,0,0,0,2
2015-01-17,0,0,0,0,0,0,0,0,0,0,0,0,0,0,0,0,0,0,0,0,0,0,0,0,0,0,1,0,0,2,0,0,0,1,0,0,0,0,0,1,0,0,0,0,0,0,2
2015-01-18,0,1,0,0,0,0,0,0,0,0,0,0,0,0,0,0,0,0,0,0,0,0,0,0,0,0,0,0,0,0,0,0,0,0,0,0,0,0,0,0,0,0,0,0,0,0,0
2015-01-19,0,0,0,0,0,1,0,0,0,0,0,0,0,0,0,0,0,0,0,1,0,0,0,0,1,1,0,0,0,1,0,0,0,0,0,0,0,0,0,0,1,0,0,0,0,0,0
2015-01-20,0,0,0,0,0,0,0,0,1,0,0,1,0,0,0,0,0,0,2,0,0,1,0,0,0,0,0,0,1,0,0,0,0,0,0,0,0,0,0,0,0,0,0,0,0,0,0
2015-01-21,0,0,0,1,0,0,0,0,0,0,0,0,1,0,0,0,0,0,0,0,0,0,0,0,0,0,0,0,0,0,0,0,0,0,0,0,0,0,0,0,2,0,0,0,0,0,0
2015-01-22,0,0,0,0,0,0,0,0,0,0,0,0,0,2,0,0,0,0,0,0,0,0,0,0,0,0,0,0,0,0,0,0,0,0,0,0,0,0,0,0,1,0,0,0,0,0,0
2015-01-23,0,0,0,0,0,0,0,0,0,0,0,0,0,0,0,0,0,0,0,0,0,1,0,0,0,0,0,0,1,0,1,0,0,0,0,0,0,0,0,0,0,0,0,0,0,0,0
2015-01-24,0,0,0,0,0,0,0,0,0,0,0,0,0,1,0,0,0,0,0,1,0,0,0,1,0,0,0,0,0,0,0,0,0,0,0,0,0,0,0,0,0,0,0,0,0,0,0
2015-01-25,0,0,0,0,0,0,0,0,0,0,0,0,0,0,0,0,0,0,0,0,0,0,0,0,2,0,0,0,0,0,0,0,0,0,0,0,0,0,0,0,0,0,0,0,0,0,0
2015-01-26,0,1,0,0,0,0,2,1,0,0,0,0,0,1,0,0,0,0,0,0,0,0,0,0,0,0,0,0,0,0,0,0,0,0,0,0,0,0,0,1,0,0,0,0,0,0,0
2015-01-27,0,1,0,0,0,0,1,0,1,0,0,0,1,0,0,0,0,0,0,0,0,0,1,0,1,0,0,0,0,0,0,0,0,0,0,0,0,0,0,0,0,0,0,0,0,0,0
2015-01-28,0,0,0,1,0,0,1,0,0,0,0,1,2,0,0,0,0,0,0,0,0,0,0,0,0,0,1,1,0,0,1,0,0,0,0,1,0,0,0,0,0,0,0,0,0,0,0
2015-01-29,0,0,0,0,0,0,0,0,0,0,0,0,0,0,0,0,0,0,0,0,0,0,0,0,0,0,1,0,0,1,0,0,0,0,0,0,0,0,0,0,0,0,0,0,0,0,0
2015-01-30,0,0,0,1,0,1,0,2,0,0,0,0,0,0,0,0,0,0,0,0,0,0,0,1,0,0,1,0,0,0,0,0,0,0,0,1,0,0,0,0,0,0,0,0,0,0,2
2015-01-31,0,0,1,0,0,0,0,0,0,0,0,0,0,0,0,0,0,0,0,0,0,0,2,0,0,0,0,0,1,0,0,0,0,0,0,0,0,0,0,0,0,0,0,0,0,0,0
2015-02-01,0,0,0,0,0,0,0,0,0,0,0,0,0,0,0,0,0,1,1,0,0,0,0,1,0,0,0,0,0,1,0,0,0,0,0,0,0,0,0,0,0,0,0,0,0,0,0
2015-02-02,1,3,2,0,0,0,0,0,0,0,0,0,0,0,0,0,0,0,1,0,0,0,0,0,0,0,1,0,0,0,1,0,0,0,0,0,0,0,0,0,0,0,0,0,0,0,0
2015-02-03,0,1,0,0,0,0,0,0,0,1,0,0,0,3,0,0,0,0,0,0,0,0,0,0,0,0,0,1,0,2,0,2,0,0,0,1,0,0,0,0,0,0,0,0,0,0,0
2015-02-04,3,0,0,0,0,0,1,0,0,0,0,0,0,0,0,0,0,0,0,0,0,0,2,0,0,0,0,1,0,1,0,0,0,0,0,0,0,0,1,0,0,1,0,0,0,0,0
2015-02-05,1,1,0,1,0,0,0,0,0,0,0,0,1,0,0,0,0,0,1,0,0,0,1,1,0,0,0,1,0,1,0,0,0,0,0,0,0,0,2,0,0,0,0,0,0,0,0
2015-02-06,0,0,2,0,0,0,0,0,0,0,0,0,2,0,0,0,0,0,0,0,0,0,0,0,0,0,0,0,1,0,0,1,0,0,0,0,0,0,0,0,3,0,0,0,0,0,0
2015-02-07,0,0,2,0,0,1,0,0,1,0,0,0,0,0,0,0,0,0,0,0,0,0,1,0,0,0,0,1,0,0,0,0,0,0,0,0,0,0,0,1,0,0,0,0,0,0,0
2015-02-08,0,2,0,0,0,0,0,1,0,0,0,0,3,0,0,0,0,3,0,1,0,0,0,0,0,0,3,0,0,0,0,2,0,0,0,0,0,0,0,0,0,0,1,0,0,0,0
2015-02-09,3,1,1,0,0,0,0,0,0,0,0,0,0,0,0,0,0,0,0,0,0,0,0,0,0,0,0,0,0,0,0,0,0,0,0,0,0,0,0,0,2,0,0,0,0,0,0
2015-02-10,0,0,0,1,2,0,0,0,0,0,0,0,1,0,0,0,0,0,0,0,0,0,1,0,3,0,0,0,0,1,0,0,0,0,1,0,0,0,1,2,0,0,0,0,0,0,0
2015-02-11,0,1,0,1,0,0,0,0,1,0,0,0,0,0,0,0,0,0,0,0,0,0,0,0,0,0,2,0,0,0,1,0,0,0,0,0,0,0,0,0,0,0,0,0,0,0,0
2015-02-12,3,0,1,1,0,0,0,0,0,0,0,0,0,0,0,1,0,1,0,0,0,0,0,0,0,0,0,1,0,0,1,1,0,1,0,0,0,0,0,0,3,0,0,0,0,0,0
2015-02-13,1,0,1,4,0,0,0,0,0,1,0,0,0,0,0,0,0,1,0,0,0,0,1,0,1,0,1,0,0,0,0,0,0,0,0,0,0,0,1,2,1,0,0,0,0,0,0
2015-02-14,0,1,3,2,0,0,1,0,1,0,0,0,1,1,0,0,0,0,0,0,0,1,0,0,0,0,1,0,0,0,1,0,0,0,0,0,0,0,0,0,2,0,0,0,0,0,0
2015-02-15,3,0,5,5,0,0,1,1,0,0,0,0,0,0,0,1,0,0,0,0,0,0,5,1,0,1,0,0,0,0,0,1,0,0,2,0,0,0,0,2,2,1,0,0,0,0,0
2015-02-16,6,0,0,0,0,0,0,0,4,2,1,1,0,0,0,0,0,0,0,1,1,0,0,0,0,0,4,0,1,2,1,0,0,0,0,1,0,0,0,0,0,0,0,0,0,1,0
2015-02-17,0,4,6,5,0,0,0,0,2,0,0,0,0,0,0,0,0,0,0,0,1,0,0,0,0,0,0,1,0,1,0,0,0,0,0,0,0,0,0,0,0,0,0,0,0,0,0
2015-02-18,7,1,6,3,0,0,0,0,0,0,0,0,0,0,0,0,0,0,0,1,1,0,0,0,4,0,1,1,0,0,0,0,0,1,0,2,0,0,0,0,1,1,0,0,0,0,0
2015-02-19,0,1,1,2,0,0,1,0,4,0,0,0,2,0,0,0,0,0,0,0,2,0,0,0,1,0,0,2,0,2,0,1,0,0,0,2,0,0,0,0,1,0,0,0,0,0,0
2015-02-20,4,0,1,6,0,0,2,0,0,1,0,0,0,0,0,0,0,1,2,0,0,0,1,1,0,0,0,0,0,0,0,0,0,0,0,0,0,0,0,1,0,0,0,0,0,0,0
2015-02-21,2,0,1,3,0,0,0,0,1,0,0,0,0,0,0,0,0,3,0,1,0,0,0,0,0,0,0,4,0,2,0,0,0,0,0,0,0,0,0,0,1,0,0,0,0,0,0
2015-02-22,1,4,1,3,0,0,0,0,1,2,0,0,1,1,0,0,0,4,0,1,1,0,1,0,1,1,0,1,1,1,0,2,0,0,0,2,0,0,2,0,1,0,0,0,0,0,0
2015-02-23,4,5,1,4,0,0,1,1,0,0,1,0,0,0,0,0,0,0,3,0,1,0,2,0,1,0,0,1,0,1,0,0,0,0,0,3,0,0,1,0,4,0,1,1,0,0,0
2015-02-24,3,4,4,3,2,0,2,2,1,0,0,1,0,0,0,0,0,0,2,2,0,0,8,1,0,0,0,0,2,0,0,1,0,0,0,0,0,0,0,0,1,0,0,0,0,0,0
2015-02-25,1,2,3,3,1,0,1,0,2,0,0,0,1,0,0,0,0,0,0,0,0,0,3,0,1,0,0,2,4,1,2,1,0,0,1,0,0,0,2,0,3,0,0,0,0,0,0
2015-02-26,3,2,2,3,1,0,0,1,0,0,0,1,1,0,0,1,0,1,0,1,0,0,3,0,1,0,2,0,0,2,0,0,0,1,0,0,0,0,1,0,2,0,0,0,0,0,0
2015-02-27,1,3,5,3,0,0,0,1,0,2,0,1,6,0,0,2,0,1,1,0,1,3,3,1,0,1,0,1,2,6,1,1,0,0,0,2,0,0,1,0,0,0,0,0,0,0,0
2015-02-28,3,4,3,3,0,2,1,0,1,0,0,0,3,0,0,0,0,1,0,0,4,1,3,0,0,0,0,0,0,2,0,1,0,0,2,2,0,0,1,1,4,0,0,0,0,0,1
2015-03-01,2,5,2,5,0,0,0,3,0,1,0,3,3,1,0,0,0,2,1,1,0,0,4,0,4,0,2,3,4,4,1,0,0,0,0,1,0,0,1,0,6,0,0,0,0,0,0
2015-03-02,8,2,3,3,0,0,1,0,3,0,0,5,1,1,0,3,0,4,2,0,3,0,8,2,0,0,1,0,0,3,0,0,0,0,0,1,0,0,2,2,0,0,2,0,0,0,0
2015-03-03,8,0,9,3,0,0,0,1,3,4,0,0,4,0,0,0,0,1,1,0,1,0,2,0,0,0,0,0,0,3,0,1,0,0,0,3,1,0,1,1,3,0,0,0,0,0,1
2015-03-04,0,4,2,3,0,0,0,0,1,3,0,2,5,0,0,0,0,5,0,0,0,0,4,2,1,0,1,1,0,2,0,0,0,1,0,2,0,0,4,0,0,0,0,0,0,0,0
2015-03-05,7,0,4,1,0,0,0,3,2,0,0,2,5,0,0,1,0,2,0,0,4,0,5,0,1,2,1,3,2,2,0,1,0,0,1,3,0,0,0,0,1,0,0,0,0,0,0
2015-03-06,3,5,3,4,0,1,2,2,6,1,0,1,5,2,0,0,0,2,1,4,5,0,2,2,1,0,0,0,0,0,0,0,0,0,1,0,0,0,1,4,6,3,0,0,0,0,0
2015-03-07,8,0,9,2,2,1,1,1,7,0,0,1,4,0,0,1,0,0,2,2,2,0,4,1,2,1,2,5,5,7,0,1,0,0,2,2,0,0,3,2,3,1,0,0,0,1,0
2015-03-08,7,3,7,4,1,0,0,1,3,0,0,0,2,0,0,1,0,0,0,0,2,0,5,0,2,1,1,4,1,1,1,1,0,0,2,2,0,0,3,3,4,0,0,0,0,0,0
2015-03-09,7,1,4,5,1,0,0,2,5,0,0,0,5,0,0,1,0,2,0,1,0,0,1,1,0,0,1,1,5,0,1,0,0,0,0,1,0,0,5,5,0,0,0,0,0,0,1
2015-03-10,4,2,4,6,0,1,1,0,4,0,0,0,1,1,0,5,0,4,0,1,0,0,2,3,0,0,1,5,2,7,1,5,0,0,3,0,0,0,0,2,6,0,0,0,0,0,0
2015-03-11,6,3,7,7,0,0,0,0,5,4,0,0,4,1,0,0,0,3,0,0,1,0,0,4,1,0,3,5,3,1,1,0,0,0,0,5,0,0,2,3,2,0,0,0,0,0,0
2015-03-12,7,3,8,6,0,2,1,3,2,3,0,0,8,1,1,1,0,2,0,3,3,0,4,2,2,0,2,2,1,6,1,0,0,0,0,1,1,0,3,3,5,0,0,0,0,0,0
2015-03-13,10,1,10,11,3,0,2,0,5,1,0,0,16,3,0,0,0,0,1,0,1,2,0,2,5,3,1,0,1,5,1,2,0,0,1,3,0,0,2,3,3,1,0,2,0,0,0
2015-03-14,4,10,8,12,2,0,1,1,2,3,0,0,10,0,0,0,0,2,1,0,0,2,9,5,1,2,1,2,2,6,0,0,0,0,2,4,0,0,2,3,4,1,0,3,0,0,0
2015-03-15,14,6,11,11,0,0,2,7,5,4,0,0,6,1,0,8,1,0,3,2,2,0,9,2,7,1,3,3,3,3,2,1,0,1,1,8,2,0,1,5,5,0,0,0,0,0,0
2015-03-16,8,9,10,10,1,0,3,4,6,5,0,2,7,3,0,2,0,3,1,1,0,1,4,5,2,0,1,8,3,5,1,4,0,0,0,5,0,0,2,4,2,1,0,1,0,0,0
2015-03-17,12,9,8,9,0,0,2,1,7,1,0,3,6,0,0,4,0,2,0,0,2,0,7,2,4,3,0,5,5,6,2,5,0,0,1,4,0,0,2,1,8,0,0,1,0,0,0
2015-03-18,7,5,7,4,1,0,2,6,3,3,1,1,13,1,0,4,0,0,3,1,2,3,6,2,3,1,5,6,2,10,6,3,0,1,0,3,0,0,8,1,6,0,0,0,0,0,0
2015-03-19,6,7,9,5,0,0,1,3,11,1,1,2,7,4,0,4,0,1,2,2,5,0,8,0,1,1,0,5,0,13,3,0,0,2,0,4,1,0,5,0,6,0,0,0,0,0,0
2015-03-20,5,8,7,13,0,2,5,3,11,2,0,0,13,1,0,4,0,2,2,2,3,0,8,4,3,1,0,6,7,9,8,3,0,0,2,6,3,0,6,4,9,0,0,1,0,0,0
2015-03-21,6,9,5,5,0,0,4,5,3,1,0,7,13,1,0,0,0,2,0,2,2,1,9,1,6,2,3,6,4,7,4,0,0,0,1,7,1,0,7,4,4,0,1,0,0,0,0
2015-03-22,6,2,7,3,1,0,4,9,11,7,0,2,7,3,0,4,0,6,3,0,1,2,9,5,10,0,1,2,3,7,4,2,0,0,4,6,1,0,9,7,5,0,0,1,0,0,0
2015-03-23,2,9,19,9,1,3,4,5,4,1,1,2,6,3,0,2,0,4,0,4,2,0,11,9,6,1,1,5,2,7,4,0,1,2,1,4,1,0,8,4,8,2,1,0,0,0,0
2015-03-24,11,7,8,5,1,1,1,4,9,1,0,9,6,1,0,4,0,5,7,1,0,3,10,5,3,4,2,7,4,5,0,0,1,0,5,8,3,0,11,2,10,4,0,0,0,0,1
2015-03-25,4,9,5,4,1,0,4,2,11,7,0,5,7,3,0,4,0,4,2,2,3,3,8,2,6,2,2,6,6,2,1,0,0,0,4,7,0,0,10,0,6,2,0,0,0,0,1
2015-03-26,6,6,6,7,1,0,6,0,7,3,0,0,14,0,0,4,0,5,0,2,5,3,11,1,6,0,4,6,6,4,0,2,0,0,1,2,0,1,8,3,7,0,0,0,0,1,1
2015-03-27,4,5,4,7,0,1,3,4,8,6,0,2,8,1,0,2,0,1,4,0,0,4,4,3,6,0,1,3,6,6,2,0,0,1,0,0,0,0,5,1,7,0,0,2,0,1,0
2015-03-28,3,0,7,2,0,1,2,1,6,0,0,0,7,0,0,2,0,0,3,2,5,1,9,1,2,3,1,2,2,2,6,4,0,1,0,4,0,0,6,2,7,0,0,0,0,0,0
2015-03-29,5,3,9,4,0,0,2,4,8,0,0,4,13,1,0,0,0,3,0,1,4,4,4,4,2,2,0,1,4,5,3,0,0,0,0,6,0,0,0,6,6,0,0,0,0,0,1
2015-03-30,7,3,14,3,2,1,1,1,11,2,0,7,11,0,0,2,0,2,0,0,5,1,7,3,5,0,0,2,4,5,1,3,0,0,4,3,1,0,4,5,6,0,0,0,1,0,1
2015-03-31,4,3,14,4,1,0,5,7,12,2,0,0,15,3,0,2,0,2,3,1,3,5,8,7,8,0,2,4,8,17,3,2,0,2,2,3,0,0,3,2,1,0,0,2,0,0,0
2015-04-01,7,6,10,7,2,0,1,7,17,7,0,3,12,0,0,1,0,9,0,0,0,2,10,7,10,3,6,8,7,8,1,3,0,0,0,3,0,0,3,6,1,1,0,0,0,0,0
2015-04-02,2,2,13,4,0,0,0,10,4,5,0,3,7,0,0,0,2,7,2,3,6,2,15,2,5,0,2,8,6,7,2,3,0,0,3,5,1,0,9,5,2,1,0,1,0,0,1
2015-04-03,5,3,8,14,0,1,6,5,7,3,0,0,6,1,0,1,0,2,2,2,2,0,6,3,4,4,0,1,1,5,2,0,1,0,2,6,1,0,6,7,6,0,0,1,0,0,0
2015-04-04,9,1,3,7,0,4,2,7,9,1,0,1,9,0,0,1,0,4,1,1,1,0,4,2,6,2,1,3,3,7,5,1,0,0,1,3,1,0,5,6,1,1,0,2,0,0,1
2015-04-05,9,5,8,8,1,1,3,7,15,5,0,2,11,0,0,1,0,4,4,3,2,0,5,4,10,0,4,10,6,5,1,2,0,0,2,6,0,0,4,3,5,0,0,0,0,0,0
2015-04-06,14,5,11,12,3,2,2,10,17,3,0,3,9,0,0,2,1,1,1,4,5,0,0,6,7,2,4,7,9,3,1,2,0,1,0,6,0,0,4,6,5,0,0,0,0,0,0
2015-04-07,6,10,12,6,0,1,0,3,7,2,0,0,15,2,0,7,0,5,6,4,0,4,7,6,4,3,4,14,7,13,1,1,0,0,2,10,2,0,1,7,4,0,0,1,0,0,0
2015-04-08,12,7,11,7,2,2,5,7,12,0,1,0,11,3,0,4,0,2,4,8,1,4,8,5,2,1,3,7,10,8,8,2,0,0,2,13,1,0,2,2,5,0,0,3,0,0,0
2015-04-09,8,4,7,9,0,1,1,3,11,6,0,2,15,4,0,3,0,6,3,0,0,1,8,2,8,0,5,6,5,4,7,1,0,0,2,5,0,0,1,1,12,0,1,2,0,0,0
2015-04-10,6,15,7,14,0,1,4,5,13,2,0,2,11,1,0,2,0,3,4,4,4,3,9,8,8,3,1,8,7,11,3,1,1,0,1,3,2,0,7,3,9,1,0,1,0,1,0
2015-04-11,6,4,11,9,0,1,1,6,11,5,0,2,11,1,0,1,2,5,0,2,5,3,7,2,4,1,2,6,4,3,3,0,0,0,0,3,2,0,7,0,5,1,0,0,0,0,0
2015-04-12,10,13,19,6,0,2,4,10,10,1,0,5,7,5,0,0,0,0,1,2,1,0,16,1,5,5,1,10,4,10,3,0,0,0,1,10,1,0,5,1,9,2,0,3,0,0,1
2015-04-13,6,5,9,7,1,3,4,7,8,2,0,2,11,1,0,2,0,3,3,2,2,2,13,5,8,0,3,8,6,10,7,3,0,2,0,3,1,1,2,4,8,0,0,0,1,2,2
2015-04-14,0,3,6,8,1,3,5,4,6,0,0,1,11,2,0,2,0,8,1,0,4,1,12,3,6,6,1,6,7,10,5,3,2,0,0,9,2,1,3,2,4,0,0,0,0,0,0
2015-04-15,5,5,9,8,0,3,7,7,10,8,1,3,8,3,0,3,0,0,1,2,1,0,8,1,7,3,3,6,11,10,6,0,0,2,0,5,2,0,3,1,1,0,1,0,0,0,0
2015-04-16,8,2,9,0,2,0,2,5,17,4,1,2,13,1,0,0,0,5,4,2,2,4,7,5,4,0,3,0,8,7,6,6,0,0,1,0,1,0,10,5,1,0,0,0,0,0,0
2015-04-17,5,9,7,11,0,3,6,3,17,4,1,3,15,3,0,7,0,4,2,2,2,4,11,3,2,0,3,2,8,4,3,7,0,0,2,1,3,0,3,4,3,0,0,0,0,0,1
2015-04-18,9,11,13,10,2,1,2,7,8,2,1,0,14,4,0,6,0,5,1,6,2,1,12,2,6,1,1,3,3,5,2,3,0,3,5,13,0,0,5,1,5,0,0,0,0,0,0
2015-04-19,7,5,7,6,3,0,8,6,10,4,0,5,7,0,0,1,1,5,1,2,5,4,10,6,9,2,0,5,7,7,12,4,0,1,1,6,3,0,5,0,1,0,0,1,0,0,0
2015-04-20,10,2,9,7,0,0,4,6,16,2,0,2,13,1,1,2,0,2,1,3,4,1,14,5,7,1,2,1,5,6,2,3,0,0,2,4,4,0,5,6,7,0,0,0,0,0,0
2015-04-21,4,8,12,8,3,2,6,7,14,2,0,4,9,4,0,3,0,5,0,2,4,4,9,1,5,2,3,3,5,7,2,5,1,0,2,4,0,0,5,2,9,0,0,0,0,0,1
2015-04-22,9,9,8,5,2,1,5,2,7,4,1,1,14,4,0,3,0,2,1,3,1,0,2,3,7,3,0,5,10,7,2,5,1,1,0,1,0,0,4,3,4,0,2,0,0,1,0
2015-04-23,7,7,6,4,3,4,2,5,15,4,0,1,18,1,1,4,0,1,3,4,8,0,3,6,9,3,0,6,5,9,5,6,0,0,1,4,0,0,6,5,8,0,0,0,0,1,0
2015-04-24,4,9,8,10,0,1,3,6,8,2,0,2,11,0,1,0,0,2,2,3,1,2,4,8,8,0,2,4,10,3,4,5,0,2,0,3,0,0,2,4,5,0,0,1,0,0,0
2015-04-25,2,0,4,10,3,2,3,3,19,3,0,3,17,1,0,0,1,0,0,0,4,1,10,3,7,3,5,10,12,9,4,2,0,0,0,1,0,0,6,7,4,0,0,0,0,0,0
2015-04-26,3,2,1,7,0,2,2,1,12,4,0,1,15,5,0,2,0,2,0,2,0,2,5,5,4,3,3,3,8,11,7,2,0,0,1,2,5,0,2,4,5,1,0,1,0,0,0
2015-04-27,5,3,5,3,0,1,2,5,6,6,0,3,16,3,0,0,0,2,0,1,1,4,4,3,9,2,4,4,7,6,3,6,0,0,1,7,1,0,7,6,8,0,0,3,0,0,0
2015-04-28,3,5,4,2,1,2,0,10,8,5,0,0,11,1,2,0,0,3,2,1,2,0,3,8,5,1,2,3,5,7,5,0,0,0,2,1,0,0,4,3,7,1,0,0,0,0,0
2015-04-29,1,4,8,5,0,0,4,5,6,0,0,1,16,0,0,3,0,1,0,2,0,2,5,4,4,1,0,4,1,10,5,5,0,0,0,1,0,0,4,3,6,1,0,0,0,1,1
2015-04-30,1,5,5,6,0,2,4,7,9,1,0,0,8,4,0,0,0,1,2,2,0,2,3,3,2,1,0,3,3,6,3,1,0,0,0,9,1,1,5,1,3,0,0,0,0,1,0
2015-05-01,3,0,4,5,0,0,0,2,9,2,0,5,12,2,0,1,1,4,3,2,2,3,8,6,8,1,2,2,4,7,7,2,0,0,0,1,0,0,4,5,7,2,0,0,0,0,0
2015-05-02,2,2,5,3,1,2,1,5,12,5,0,1,10,1,0,2,1,2,4,5,5,3,3,9,1,1,0,0,4,8,5,0,0,0,1,3,1,0,5,5,12,0,0,0,0,0,1
2015-05-03,5,9,6,5,2,1,6,2,16,3,0,0,18,1,0,5,0,3,1,4,5,3,9,0,8,1,3,6,0,6,8,2,0,0,0,1,0,0,7,5,11,0,1,0,0,1,0
2015-05-04,4,0,5,7,1,4,5,4,21,5,0,4,8,1,0,5,0,3,5,1,3,3,7,5,3,1,1,3,5,9,5,5,0,2,2,1,1,0,7,7,6,0,0,1,0,1,0
2015-05-05,6,7,6,5,3,1,2,2,18,3,0,3,10,1,0,4,0,5,3,6,5,1,6,2,5,4,0,5,7,14,6,4,1,0,2,3,2,0,2,6,7,1,0,0,0,0,1
2015-05-06,5,8,4,9,0,0,2,1,4,6,0,1,13,3,0,3,0,2,1,1,4,2,6,3,8,1,4,7,4,3,4,3,0,0,0,3,0,0,3,4,8,0,0,0,0,0,3
2015-05-07,2,1,6,4,1,0,0,5,10,7,0,2,8,3,0,3,0,10,4,6,0,0,8,4,3,0,3,3,3,8,7,5,0,2,1,0,1,1,6,5,9,1,0,3,0,0,0
2015-05-08,4,3,7,3,0,1,3,4,6,5,0,0,7,1,0,4,0,5,1,3,1,6,9,2,5,3,0,6,6,6,5,2,1,0,0,3,0,0,9,1,9,0,0,1,0,2,3
2015-05-09,3,6,4,8,1,0,3,3,5,6,0,2,6,0,0,2,0,4,0,2,1,2,9,3,6,1,2,4,7,3,5,3,1,0,2,2,1,0,8,4,10,0,0,0,0,0,0
2015-05-10,4,2,2,5,1,1,2,8,10,6,0,2,9,0,0,3,0,9,3,2,2,3,5,4,5,2,0,8,6,8,4,4,0,0,1,0,1,0,5,2,7,1,0,0,0,1,0
2015-05-11,3,6,6,5,1,0,2,0,6,8,0,2,15,0,0,1,0,4,1,2,3,4,4,2,3,0,1,8,7,6,8,3,0,1,0,2,2,0,6,5,7,1,0,0,0,1,0
2015-05-12,5,5,0,8,0,0,3,7,8,4,0,1,11,0,0,0,0,2,0,4,4,0,5,1,3,1,2,4,8,6,5,3,0,1,1,1,1,1,3,2,5,0,0,0,1,1,0
2015-05-13,0,1,10,5,2,0,3,2,15,0,0,1,10,0,0,4,1,3,0,0,3,4,6,0,7,3,2,4,5,3,6,7,0,0,1,0,3,0,2,2,3,0,0,0,0,2,1
2015-05-14,2,10,2,1,0,2,3,2,10,3,1,3,9,0,0,3,1,6,1,3,5,1,1,2,1,5,5,5,6,2,5,1,0,0,0,5,1,0,1,2,4,0,0,1,0,0,0
2015-05-15,4,1,6,5,0,1,1,4,11,3,0,1,2,1,0,3,0,1,0,2,3,0,7,1,2,2,0,3,2,5,1,1,0,1,0,3,2,1,7,2,6,0,0,0,0,0,2
2015-05-16,3,4,3,3,0,0,1,1,16,2,0,2,7,0,0,0,1,1,0,0,4,0,2,1,3,2,0,0,2,10,2,1,0,0,2,2,0,0,5,7,5,0,0,2,0,0,0
2015-05-17,1,3,1,1,0,1,2,0,5,2,0,3,4,0,0,2,0,3,0,1,4,1,6,2,6,0,1,8,2,5,3,0,0,0,2,1,3,2,3,8,8,0,0,0,0,0,0
2015-05-18,2,3,7,3,0,0,1,3,13,1,0,2,2,1,0,1,0,5,0,4,7,4,2,2,4,4,2,8,6,4,4,2,0,0,1,1,2,0,3,6,9,0,1,0,0,0,0
2015-05-19,3,0,6,4,0,2,0,1,6,5,0,7,5,1,0,1,0,3,0,2,1,0,1,1,3,0,1,6,4,5,2,1,0,0,0,0,0,0,1,4,5,0,0,1,0,0,0
2015-05-20,1,1,6,2,1,1,1,3,10,3,0,2,2,2,0,1,0,2,0,2,5,2,8,4,1,4,0,3,1,4,4,1,0,0,0,3,0,0,6,0,6,0,0,0,0,0,1
2015-05-21,0,3,0,2,0,0,2,1,9,1,0,3,5,0,0,2,0,0,2,3,1,1,3,2,1,0,2,5,1,2,0,0,1,0,0,0,0,1,0,0,1,0,0,0,0,1,0
2015-05-22,2,0,1,3,0,0,2,2,4,0,0,1,5,1,0,2,0,6,1,0,4,1,0,1,8,2,4,1,0,3,4,0,0,0,1,3,0,1,1,0,5,0,0,1,0,0,0
2015-05-23,0,2,4,0,0,2,0,0,3,0,0,2,3,0,0,2,0,1,0,0,3,2,5,2,0,0,0,3,1,2,1,0,0,1,0,1,0,0,2,3,2,0,0,0,0,0,0
2015-05-24,0,0,3,1,0,0,0,2,9,2,0,1,4,1,0,0,0,2,1,2,1,1,4,3,0,0,1,2,3,4,4,0,0,0,3,2,0,0,3,1,4,1,0,0,0,0,0
2015-05-25,1,0,5,4,1,0,1,0,7,3,0,0,6,0,0,0,0,2,1,0,0,3,5,0,2,2,3,4,1,2,1,1,0,0,0,1,0,0,3,0,2,0,0,2,0,0,0
2015-05-26,2,0,1,0,0,1,0,0,4,1,0,3,1,0,0,1,0,4,0,1,0,0,1,1,3,0,0,3,5,0,0,0,0,0,0,0,0,0,2,1,2,1,0,1,0,0,0
2015-05-27,0,0,0,3,0,0,0,0,0,0,0,0,0,0,0,1,0,1,1,0,0,0,2,2,0,0,2,1,2,0,0,0,0,0,0,3,1,0,1,2,4,0,0,0,0,0,0
2015-05-28,0,1,0,2,0,0,0,0,4,2,0,0,0,0,0,0,0,0,0,0,0,0,0,0,0,0,1,3,2,6,2,1,0,0,0,0,0,0,3,0,4,0,0,0,0,0,0
2015-05-29,0,0,0,0,1,0,2,0,1,0,0,1,0,1,0,0,0,0,1,0,0,1,0,1,2,0,0,0,1,1,0,0,0,0,0,2,0,0,0,0,1,0,0,0,0,0,0
2015-05-30,1,1,0,1,0,0,0,1,0,2,0,0,3,0,0,2,0,0,1,0,1,1,0,0,3,0,1,0,0,1,0,0,0,0,0,0,0,0,1,2,3,0,0,0,0,0,0
2015-05-31,0,0,1,1,0,0,0,1,0,2,0,2,0,0,0,0,0,1,0,0,0,0,2,2,0,2,1,2,2,4,5,2,0,1,0,0,0,0,1,1,3,0,0,0,0,0,0
2015-06-01,5,0,2,2,0,0,0,1,2,1,0,0,0,0,0,4,0,1,0,0,0,0,1,1,5,0,2,8,1,4,1,5,0,0,0,0,0,0,0,1,2,0,0,0,0,1,0
2015-06-02,0,0,0,0,0,0,0,0,2,3,0,0,2,0,0,1,0,0,0,0,0,3,0,3,2,1,0,1,0,1,4,2,0,1,0,0,0,0,0,0,0,0,0,0,0,0,0
2015-06-03,0,0,0,0,0,1,1,0,0,0,1,1,3,1,0,2,0,0,0,0,1,1,1,0,5,0,0,0,3,4,0,0,0,0,0,0,0,0,1,3,0,0,0,1,0,0,0
2015-06-04,1,2,0,0,0,0,0,0,0,1,0,0,2,0,0,0,0,0,0,0,0,0,1,0,3,0,0,6,0,0,1,0,0,0,0,0,0,0,0,0,0,0,0,0,0,0,1
2015-06-05,0,1,5,0,0,0,0,3,2,0,0,0,0,0,0,1,0,0,0,1,1,0,7,0,0,0,4,0,3,0,0,1,0,1,1,0,0,1,0,1,0,0,1,0,0,0,0
2015-06-06,0,0,0,0,0,0,1,0,0,2,0,0,1,0,0,0,0,0,0,0,0,0,1,0,3,0,1,1,1,0,0,0,0,0,0,0,0,0,0,0,0,0,0,0,0,1,0
2015-06-07,0,0,0,0,0,0,0,1,2,0,0,0,2,0,0,0,0,0,0,0,0,0,2,2,0,1,0,1,0,1,3,0,0,0,0,0,0,1,1,0,0,0,0,0,0,0,0
2015-06-08,0,0,0,0,0,0,0,0,1,0,0,1,3,0,0,0,0,0,0,0,4,0,0,1,1,0,0,2,5,2,1,1,0,0,0,0,0,0,3,2,0,0,0,0,0,0,0
2015-06-09,1,0,0,2,0,0,0,1,0,0,0,0,2,0,0,0,0,0,1,0,0,0,0,0,0,0,2,3,1,0,0,0,0,0,0,0,0,0,0,1,0,0,0,0,0,0,1
2015-06-10,0,0,1,0,0,0,0,2,0,0,0,1,3,0,0,2,0,2,0,0,0,0,2,0,0,0,1,2,1,2,0,1,0,0,1,0,2,1,0,0,1,0,0,0,0,0,0
2015-06-11,0,0,0,0,0,0,1,2,0,0,0,0,0,0,0,0,0,0,0,1,0,0,2,0,0,0,2,1,4,1,0,1,0,1,0,0,0,0,0,0,1,0,0,0,0,0,0
2015-06-12,0,0,0,1,1,0,0,0,2,1,0,0,1,0,0,0,0,1,1,0,1,0,0,1,3,0,0,2,0,1,0,0,0,0,0,0,0,0,0,0,0,0,0,0,0,0,0
2015-06-13,0,0,0,0,0,0,0,1,0,1,0,0,0,0,0,0,0,0,1,1,0,0,0,1,1,2,1,1,0,2,1,0,0,0,1,0,0,0,0,0,1,0,0,0,0,0,0
2015-06-14,0,0,0,0,1,0,0,0,1,0,0,0,3,0,0,0,0,0,0,0,0,0,0,1,0,1,0,0,0,4,1,2,0,0,0,0,0,0,0,1,0,0,0,0,0,0,0
2015-06-15,0,0,1,0,0,0,0,0,0,0,0,0,0,0,0,0,0,2,0,1,0,2,0,0,0,0,0,1,1,0,2,0,0,0,0,0,0,0,0,0,1,0,0,0,0,0,0
2015-06-16,0,0,0,0,0,0,0,0,3,0,0,0,1,0,0,0,0,1,0,0,0,0,0,1,1,0,0,0,2,0,0,2,0,0,0,0,0,0,0,0,0,0,0,0,0,0,0
2015-06-17,1,0,0,1,0,0,0,0,0,0,0,1,2,0,0,1,0,1,0,0,0,0,0,2,0,0,0,1,0,0,0,0,0,0,0,0,0,0,0,1,0,0,0,0,0,0,0
2015-06-18,0,0,0,0,0,0,0,0,0,0,0,0,0,0,0,0,0,1,0,0,0,0,0,0,1,0,0,0,0,0,0,0,0,0,0,0,0,0,0,0,1,0,0,0,0,0,1
2015-06-19,0,0,0,0,0,1,0,0,0,0,0,0,0,1,0,0,0,0,0,0,0,0,0,0,0,0,0,0,0,0,0,0,0,0,0,0,0,0,0,0,1,0,0,0,0,0,0
2015-06-20,1,0,0,0,0,0,0,0,0,0,0,0,0,0,0,0,0,0,0,0,0,0,1,0,0,0,0,0,1,2,0,0,0,0,0,0,0,0,0,0,0,0,1,0,0,0,0
2015-06-21,0,0,0,1,0,0,0,0,1,0,0,0,0,0,0,0,0,1,0,0,0,1,1,0,0,0,0,1,1,0,0,0,0,1,0,0,0,0,0,0,0,0,0,0,0,0,0
2015-06-22,0,0,0,0,0,0,0,0,1,0,0,0,0,0,0,1,0,0,0,0,0,0,1,0,0,0,0,0,0,0,0,0,0,0,0,1,0,0,0,1,0,0,0,0,0,0,0
2015-06-23,0,0,0,0,0,0,1,0,0,0,0,0,0,0,0,0,0,0,0,0,0,0,0,0,1,0,0,2,0,0,0,0,0,0,0,1,0,0,1,0,0,0,0,0,0,0,0
2015-06-24,0,1,0,0,0,0,1,0,0,0,0,0,0,0,0,1,0,0,0,0,0,0,0,0,0,1,0,0,0,0,0,0,0,0,0,0,0,0,0,0,0,0,0,0,0,0,0
2015-06-25,0,0,1,0,0,0,0,0,0,0,0,0,0,0,0,0,0,0,0,0,0,0,0,1,0,0,0,0,0,0,0,0,0,0,0,0,0,0,1,1,0,0,0,0,0,0,0
2015-06-26,0,0,0,0,0,0,0,0,0,0,0,0,1,0,0,0,0,0,0,0,0,0,0,0,0,0,0,1,0,0,1,0,0,0,0,1,0,0,0,0,0,0,0,0,0,0,2
2015-06-27,0,0,0,0,0,0,0,0,0,0,0,0,0,0,0,0,0,0,0,0,0,0,0,0,0,0,0,0,0,0,0,0,0,0,0,0,0,0,0,0,0,0,0,0,0,0,0
2015-06-28,0,0,0,0,0,0,0,0,1,0,0,0,0,0,0,0,0,0,0,1,0,0,1,0,0,0,0,2,0,0,0,0,0,0,0,1,0,0,0,0,0,0,0,0,0,0,0
2015-06-29,1,0,0,0,0,0,0,0,0,0,0,0,0,0,0,0,0,0,0,0,0,0,0,0,0,0,0,0,0,0,0,0,0,0,0,0,0,0,0,0,0,0,0,0,0,0,0
2015-06-30,2,0,1,0,0,0,0,1,0,0,0,0,0,0,0,0,0,0,0,0,0,0,0,0,0,0,0,0,0,0,1,0,0,0,1,0,1,0,0,1,0,0,0,0,0,0,1
2015-07-01,0,0,0,0,0,0,0,0,0,0,0,0,0,0,0,0,0,0,0,1,0,0,0,0,0,0,0,0,0,0,0,0,0,0,0,0,0,0,0,0,0,0,0,0,0,0,0
2015-07-02,1,0,0,0,0,0,0,0,0,0,0,0,0,0,0,0,0,0,0,0,0,0,1,0,0,0,0,0,0,0,0,0,0,0,0,0,0,0,0,0,0,0,0,0,0,0,0
2015-07-03,0,0,0,0,0,0,0,0,0,0,0,0,0,0,0,0,0,0,0,0,0,0,0,0,0,0,0,0,0,0,0,0,0,0,0,0,0,0,0,0,0,0,0,0,0,0,0
2015-07-04,0,0,1,0,0,0,1,0,0,0,0,0,0,0,0,0,0,0,0,0,0,0,0,0,0,0,0,0,0,0,0,0,0,0,0,0,0,0,0,0,0,0,0,0,0,0,0
2015-07-05,0,0,0,0,0,0,0,0,0,0,0,0,1,0,0,0,0,0,0,0,0,0,0,0,0,0,0,0,0,0,0,0,0,0,0,0,0,0,0,0,0,0,0,0,0,0,0
2015-07-06,0,0,0,0,0,0,0,0,1,0,0,0,0,0,0,0,0,0,0,0,0,0,0,1,0,0,0,0,1,0,0,0,0,0,0,0,0,0,0,0,0,0,0,0,0,0,0
2015-07-07,0,0,0,1,0,0,0,0,2,0,0,0,0,0,0,0,0,0,0,0,0,0,0,0,0,0,0,0,1,0,0,0,0,0,0,0,0,0,0,0,0,0,0,0,0,0,0
2015-07-08,0,0,1,0,0,0,0,0,0,0,0,0,0,0,0,0,0,0,0,0,0,0,0,0,0,0,0,0,0,0,0,0,0,0,0,0,0,0,0,0,0,0,0,0,0,0,0
2015-07-09,0,0,0,0,0,0,0,0,0,0,0,0,0,0,0,0,0,0,0,0,0,0,0,0,0,0,0,0,0,0,0,0,0,0,0,0,0,0,0,0,0,0,0,0,0,0,0
2015-07-10,0,0,0,0,0,0,0,0,0,0,0,0,0,0,0,1,0,0,0,0,0,0,0,0,0,0,0,0,0,0,0,0,0,0,0,0,0,0,0,0,0,0,0,0,0,0,0
2015-07-11,0,0,0,0,0,0,0,0,0,1,0,0,0,0,0,0,0,0,0,0,0,0,0,0,0,0,0,0,1,1,0,0,0,0,0,0,0,0,0,0,0,0,0,0,0,0,0
2015-07-12,0,0,0,0,0,0,0,0,0,0,0,0,0,0,0,0,0,0,0,0,0,0,1,0,0,0,0,0,0,0,0,0,0,0,0,0,0,0,0,0,0,0,0,0,0,0,0
2015-07-13,0,0,0,0,0,0,0,0,1,0,0,0,0,0,0,0,0,0,0,0,0,0,1,0,0,0,0,0,0,0,0,0,0,0,0,0,0,0,0,0,0,0,0,0,0,0,0
2015-07-14,0,0,0,0,0,0,0,0,0,0,0,0,0,0,0,0,0,0,0,0,0,0,0,0,0,0,0,0,0,0,0,0,0,0,0,0,0,0,0,0,0,0,0,0,0,0,0
2015-07-15,0,0,0,0,0,0,0,0,0,0,0,0,0,0,0,0,0,0,0,0,0,0,0,0,0,0,0,0,0,0,0,0,0,0,0,0,0,0,0,0,0,0,0,0,0,0,0
2015-07-16,0,0,0,0,0,0,0,0,0,0,0,0,1,0,0,0,0,0,0,0,0,0,0,0,0,0,0,0,0,0,0,0,0,0,0,0,0,0,0,0,0,0,0,0,0,0,0
2015-07-17,0,0,0,0,0,0,0,0,0,0,0,0,0,0,0,0,0,0,0,0,0,0,0,0,0,0,0,0,0,0,0,0,0,0,0,0,0,0,0,0,0,0,0,0,0,0,0
2015-07-18,0,0,0,0,0,0,0,0,0,0,0,0,0,0,0,0,0,0,0,0,0,0,0,0,0,0,0,0,0,0,0,0,0,0,0,0,0,0,0,0,0,0,0,0,0,0,0
2015-07-19,0,0,0,0,0,0,0,0,0,0,0,0,0,0,0,0,0,0,0,0,0,0,0,0,0,0,0,0,0,0,0,0,0,0,0,0,0,0,0,0,1,0,0,0,0,0,0
2015-07-20,0,1,0,0,0,0,0,0,0,0,0,0,0,0,0,0,0,0,0,0,0,0,0,0,0,0,0,0,0,0,0,0,0,0,0,0,0,0,0,0,0,0,0,0,0,0,0
2015-07-21,0,0,0,0,0,0,0,1,0,0,0,0,0,0,0,0,0,0,0,0,0,1,0,0,0,0,0,0,0,0,0,0,0,0,0,0,0,0,0,0,0,0,0,0,0,0,0
2015-07-22,0,0,0,1,0,0,0,0,0,0,0,0,0,0,0,0,0,0,0,0,0,0,0,0,0,0,0,0,0,0,0,0,0,0,0,0,0,0,0,0,0,0,0,0,0,0,0
2015-07-23,0,0,1,0,0,0,0,0,0,0,0,0,1,0,0,0,0,0,0,0,0,0,0,0,0,0,0,0,0,0,0,0,0,0,0,0,0,0,0,0,0,0,0,0,0,0,0
2015-07-24,0,0,0,0,0,0,0,0,0,0,0,0,0,0,0,0,0,0,0,0,0,0,0,0,1,0,0,0,0,0,0,0,0,0,0,0,0,0,0,0,0,0,0,0,0,0,0
2015-07-25,0,0,0,0,0,0,0,0,0,0,0,0,0,0,0,1,0,0,0,0,0,0,0,0,0,0,0,0,0,0,0,0,0,0,0,0,0,0,0,0,0,0,0,0,0,0,0
2015-07-26,0,0,1,0,0,0,0,0,0,0,0,0,0,0,0,0,0,0,0,0,0,0,0,0,0,0,0,0,0,0,0,0,0,0,0,0,0,0,0,0,0,0,0,0,0,0,0
2015-07-27,0,0,0,0,0,0,0,0,0,0,0,0,0,0,0,0,0,0,0,0,0,0,0,0,0,0,0,0,0,0,0,0,0,0,0,0,0,0,0,0,0,0,0,0,0,0,0
2015-07-28,0,0,0,0,0,0,0,0,0,0,0,0,0,0,0,0,0,0,0,0,0,0,0,0,0,0,0,0,0,0,0,1,0,0,0,0,0,0,0,0,0,0,0,0,0,0,0
2015-07-29,0,0,0,0,0,0,0,0,0,0,0,0,0,0,0,0,0,0,0,0,0,0,0,0,0,0,0,0,0,0,0,0,0,0,0,0,0,0,0,0,0,0,0,0,0,0,0
2015-07-30,0,0,0,0,0,0,0,0,1,0,0,0,0,0,0,0,0,0,0,0,0,0,0,0,0,0,0,0,0,1,0,0,0,0,0,0,0,0,0,0,1,0,0,0,0,0,0
2015-07-31,0,0,0,0,0,0,0,0,0,0,0,0,0,0,0,0,0,0,0,0,0,0,1,0,0,0,0,0,0,0,0,0,0,0,0,0,0,0,0,0,0,0,0,0,0,0,0
2015-08-01,2,0,0,0,0,0,0,0,0,0,0,0,1,0,0,0,0,0,0,0,0,0,0,0,0,0,0,0,0,0,0,0,0,0,0,0,0,0,0,0,0,0,0,0,0,0,0
2015-08-02,0,0,0,0,0,0,0,0,0,0,0,0,0,0,0,0,0,0,0,0,0,0,0,0,0,0,0,0,0,0,0,0,0,0,0,0,0,0,0,0,0,0,0,0,0,0,0
2015-08-03,0,0,0,0,0,0,0,0,0,0,0,0,0,0,0,0,0,0,0,0,0,0,0,0,0,0,0,0,0,0,0,0,0,0,0,0,0,0,0,0,0,0,0,0,0,0,0
2015-08-04,0,0,0,0,0,0,0,0,0,0,0,0,0,0,0,0,0,0,0,0,0,0,0,0,0,0,0,0,0,0,0,0,0,0,0,0,0,0,0,0,0,0,0,0,0,0,0
2015-08-05,0,0,0,0,0,0,0,0,0,0,0,0,0,0,0,0,0,0,0,0,0,0,0,0,0,0,0,0,0,2,0,0,0,0,0,0,0,0,0,0,0,0,0,0,0,0,0
2015-08-06,0,0,0,0,0,0,0,0,0,0,0,0,0,0,0,0,0,0,0,0,0,0,0,0,0,0,0,0,0,0,0,0,0,0,0,0,0,0,0,0,0,0,0,0,0,0,0
2015-08-07,0,0,0,0,0,0,0,0,1,0,0,0,0,0,0,0,0,0,0,0,0,0,0,0,0,0,0,0,0,0,0,0,0,0,0,0,0,0,0,0,0,0,0,0,0,0,0
2015-08-08,0,0,1,0,0,0,0,0,0,0,0,0,0,0,0,0,0,0,0,0,0,0,0,0,0,0,0,0,1,0,0,0,0,0,0,0,0,0,0,0,0,0,0,0,0,0,0
2015-08-09,0,0,0,0,0,0,0,0,0,0,0,0,1,0,0,0,0,0,0,0,0,0,0,0,0,0,0,0,0,0,0,0,0,0,0,0,0,0,0,0,0,0,0,0,0,0,0
2015-08-10,0,0,0,0,0,0,0,0,0,0,0,0,0,0,0,0,0,0,0,0,0,0,0,0,0,0,0,0,0,1,0,1,0,0,0,0,0,0,0,0,0,0,0,0,0,0,0
2015-08-11,0,1,0,0,0,0,0,0,0,0,0,0,0,0,0,0,0,0,0,0,0,0,1,0,0,0,0,0,0,0,0,0,0,0,0,0,0,0,0,0,0,0,0,0,0,0,0
2015-08-12,1,0,0,0,0,0,0,0,0,0,0,0,0,0,0,0,0,0,0,0,0,0,0,0,0,0,0,0,0,0,0,0,0,0,0,0,0,0,0,0,0,0,0,0,0,0,0
2015-08-13,0,0,0,0,0,0,0,0,2,0,0,0,0,0,0,0,0,0,0,0,0,0,0,0,0,0,0,0,0,0,0,0,0,0,0,0,0,0,0,0,0,0,0,0,0,0,0
2015-08-14,0,0,0,0,0,0,0,0,0,0,0,0,0,0,0,0,0,0,0,0,1,0,0,0,0,0,0,0,0,0,0,0,0,0,0,0,0,0,0,0,0,0,0,0,0,0,0
2015-08-15,0,0,0,0,0,0,0,0,0,0,0,0,0,0,0,0,0,0,0,0,0,0,0,0,0,0,0,0,0,0,0,0,0,0,0,0,0,0,0,0,0,0,0,0,0,0,0
2015-08-16,0,0,0,0,0,0,0,0,0,0,0,0,0,0,0,0,0,0,0,0,0,0,0,0,0,0,0,0,0,0,0,0,0,0,0,0,0,0,0,0,0,0,0,0,0,0,0
2015-08-17,0,0,1,0,0,0,0,0,0,0,0,0,0,0,0,0,0,1,0,0,0,0,0,1,0,0,0,0,0,0,0,0,0,0,0,0,0,0,0,0,0,0,0,0,0,0,0
2015-08-18,0,0,0,0,0,0,0,0,0,0,0,0,0,0,0,0,0,0,0,0,0,0,0,0,0,0,0,0,0,0,0,0,0,0,0,0,0,0,0,0,0,0,0,0,0,0,0
2015-08-19,0,0,0,0,0,0,0,0,0,0,0,0,0,0,0,0,0,0,0,0,0,0,0,0,0,0,0,0,0,0,0,0,0,0,0,0,0,0,0,0,0,0,0,0,0,0,0
2015-08-20,0,0,0,0,0,0,0,0,0,0,0,0,0,0,0,0,0,0,0,0,0,0,0,0,0,0,0,0,0,0,0,0,0,0,0,0,0,0,0,0,0,0,0,0,0,0,0
2015-08-21,0,0,0,0,0,0,0,0,0,0,0,0,1,0,0,0,0,0,0,0,0,0,0,0,0,0,0,0,0,0,0,0,0,0,0,0,0,0,0,0,0,0,0,0,0,0,0
2015-08-22,0,0,0,0,0,0,0,0,0,0,0,0,0,0,0,0,0,0,0,0,0,0,1,0,0,0,0,0,0,0,0,0,0,0,0,0,0,0,0,0,0,0,0,0,0,0,0
2015-08-23,0,0,0,0,0,0,0,0,0,0,0,0,1,0,0,0,0,0,0,0,0,0,0,0,0,0,0,0,0,0,0,0,0,0,0,0,0,0,0,0,0,0,0,0,0,0,0
2015-08-24,0,0,0,0,0,0,0,0,0,0,0,0,0,0,0,0,0,0,0,0,0,0,0,0,0,0,0,0,0,0,0,0,0,0,0,0,0,0,0,0,0,0,0,0,0,0,0
2015-08-25,0,0,0,0,0,0,0,0,0,0,0,0,0,0,0,0,0,0,0,0,0,0,0,0,0,0,0,0,0,0,0,0,0,0,0,0,0,0,0,0,0,0,0,0,0,0,0
2015-08-26,1,0,0,0,0,0,0,0,0,0,0,0,1,0,0,0,0,0,0,0,0,0,0,0,0,0,0,0,0,0,0,0,0,0,0,0,0,0,0,0,0,0,0,0,0,0,0
2015-08-27,0,0,0,0,0,0,0,0,0,0,0,0,1,0,0,0,0,0,0,0,0,0,0,0,0,0,0,0,0,0,0,0,0,0,0,0,0,0,0,0,0,0,0,0,0,0,0
2015-08-28,0,0,0,0,0,0,0,0,0,0,0,0,0,0,0,0,0,0,0,0,0,0,0,0,0,0,0,0,0,0,0,0,0,0,0,0,0,0,0,0,0,0,0,0,0,0,0
2015-08-29,0,0,1,0,0,0,0,0,0,0,0,0,0,1,0,0,0,0,0,0,0,0,0,0,0,0,0,0,0,0,0,0,0,0,0,0,0,0,0,0,0,0,0,0,0,0,0
2015-08-30,0,0,0,0,0,0,0,0,0,0,0,0,0,0,0,0,0,0,0,0,0,0,0,0,0,0,0,0,0,0,0,0,0,0,0,0,0,0,0,0,0,0,0,0,0,0,0
2015-08-31,0,0,1,0,0,0,0,0,0,0,0,0,0,0,0,0,0,0,0,0,0,0,0,1,0,0,0,0,0,0,0,0,0,0,0,0,0,0,0,0,0,0,0,0,0,0,0
2015-09-01,0,0,0,0,0,0,0,0,0,0,0,0,0,0,0,0,0,0,0,0,0,0,2,0,0,0,0,0,0,0,0,0,0,0,0,0,0,0,0,0,0,0,0,0,0,0,0
2015-09-02,0,1,0,0,0,0,0,0,0,0,0,0,0,0,0,0,0,0,0,0,0,0,0,0,0,0,0,0,0,0,0,0,0,0,0,0,0,0,0,0,0,0,0,0,0,0,0
2015-09-03,0,0,0,0,0,0,0,0,0,0,0,0,0,0,0,0,0,0,0,0,0,0,0,0,0,0,0,0,0,0,0,0,0,0,0,0,0,0,1,0,0,0,0,0,0,0,0
2015-09-04,0,0,0,0,0,0,0,0,0,0,0,0,0,0,0,0,0,0,0,0,0,0,0,0,0,0,0,0,0,0,0,0,0,0,0,0,0,0,0,0,0,0,0,0,0,0,0
2015-09-05,0,0,0,0,0,0,0,0,0,0,0,0,1,0,0,0,0,0,0,0,0,0,0,0,0,0,0,0,0,0,0,0,0,0,0,0,0,0,0,0,0,0,0,0,0,0,0
2015-09-06,0,0,0,0,0,0,0,0,0,0,0,0,0,0,0,0,0,0,0,0,0,0,0,0,0,0,0,0,0,0,0,0,0,0,0,0,0,0,0,0,0,0,0,0,0,0,0
2015-09-07,0,0,0,0,0,0,0,0,1,0,0,0,1,0,0,0,0,0,0,0,0,0,0,0,0,0,0,0,0,0,0,0,0,0,0,0,0,0,0,0,0,0,0,0,0,0,0
2015-09-08,0,0,0,0,0,0,0,0,0,0,0,0,0,0,0,0,0,0,0,0,0,0,0,0,1,0,0,0,0,0,0,0,0,0,0,0,0,0,0,0,0,0,0,0,0,0,0
2015-09-09,1,0,0,0,0,0,0,0,0,0,0,0,1,0,0,0,0,0,0,0,0,0,0,0,0,0,0,0,0,0,0,0,0,0,0,0,0,0,0,0,0,0,0,0,0,0,0
2015-09-10,0,0,0,0,0,0,0,0,0,0,0,0,0,0,0,0,0,0,0,0,0,0,0,0,0,0,0,0,0,0,0,0,0,0,0,0,0,0,0,0,0,0,0,0,0,0,0
2015-09-11,0,1,0,0,0,0,0,0,0,0,0,0,0,0,0,0,0,0,0,0,0,0,0,0,0,0,0,0,0,0,0,0,0,0,0,0,0,0,0,0,0,0,0,0,0,0,0
2015-09-12,0,0,0,0,0,0,0,0,0,0,0,0,0,0,0,0,0,0,0,0,0,0,0,0,0,0,0,0,0,0,0,0,0,0,0,0,0,0,0,0,0,0,0,0,0,0,0
2015-09-13,1,0,0,0,0,0,0,0,0,0,0,0,0,0,0,0,0,0,0,0,0,0,0,0,0,0,0,0,0,0,0,0,0,0,0,0,0,0,0,0,0,0,0,0,0,0,0
2015-09-14,0,0,0,0,0,0,0,1,0,0,0,0,1,0,0,0,0,0,0,0,0,0,1,0,0,0,0,0,0,0,0,0,0,0,0,0,0,0,0,0,0,0,0,0,0,0,0
2015-09-15,0,0,0,0,0,0,0,0,0,0,0,0,0,0,0,0,0,0,0,0,0,0,0,0,0,0,0,0,0,0,0,0,0,0,0,0,0,0,0,0,0,0,0,0,0,0,0
2015-09-16,0,0,0,0,0,0,0,0,0,0,0,0,0,0,0,0,0,0,0,0,0,0,0,0,0,0,0,0,0,0,0,0,0,0,0,0,0,0,0,0,0,0,0,0,0,0,0
2015-09-17,0,0,0,0,0,0,0,0,0,0,0,0,0,0,0,0,0,0,0,0,0,0,0,0,0,0,0,0,0,0,0,0,0,0,0,0,0,0,0,0,0,0,0,0,0,0,0
2015-09-18,0,0,0,0,0,0,0,0,0,0,0,0,1,0,0,0,0,0,0,1,0,0,0,0,0,0,0,0,0,0,0,0,0,0,0,0,0,0,0,0,0,0,0,0,0,0,0
2015-09-19,0,1,1,0,0,0,0,0,0,0,0,0,0,0,0,0,0,0,0,0,0,0,0,0,0,0,0,0,0,0,0,0,0,0,0,0,0,0,0,0,0,0,0,0,0,0,0
2015-09-20,0,0,0,0,0,0,0,0,0,0,0,0,0,0,0,0,0,0,0,0,0,0,0,0,0,0,0,0,0,0,0,0,0,0,0,0,0,0,0,0,0,0,0,0,0,0,0
2015-09-21,0,0,0,0,0,0,0,0,0,0,0,0,0,0,0,0,0,0,0,0,1,0,0,0,0,0,0,0,0,0,0,0,0,0,0,0,0,0,0,0,0,0,0,0,0,0,0
2015-09-22,0,0,0,0,0,0,0,0,0,0,0,0,0,0,0,0,0,0,0,0,0,0,0,0,1,0,0,0,0,0,0,0,0,0,0,0,0,0,0,0,0,0,0,0,0,0,0
2015-09-23,0,0,0,0,0,0,0,0,0,0,0,0,0,0,0,0,0,0,0,0,0,0,0,0,0,0,0,0,0,0,0,0,0,0,0,0,0,0,0,1,0,0,0,0,0,0,0
2015-09-24,0,0,0,0,0,0,0,0,0,0,0,0,0,0,0,0,0,0,0,0,0,0,0,0,0,0,0,0,0,1,0,0,0,0,0,0,0,0,0,0,0,0,0,0,0,0,0
2015-09-25,0,0,0,0,0,0,0,0,0,0,0,0,0,0,0,0,0,0,0,0,0,0,0,0,0,0,0,0,0,0,0,0,0,0,0,0,0,0,0,0,0,0,0,0,0,0,0
2015-09-26,0,0,0,0,0,0,0,0,0,0,0,0,0,0,0,0,0,0,0,0,1,0,0,0,0,0,0,0,1,0,0,0,0,0,0,0,0,0,0,0,0,0,0,0,0,0,0
2015-09-27,0,0,0,0,0,0,0,1,0,0,0,0,0,0,0,0,0,0,0,0,0,0,0,0,0,0,0,0,0,0,0,0,0,0,0,0,0,0,0,0,0,0,0,0,0,0,0
2015-09-28,0,0,0,0,0,0,0,0,0,0,0,0,0,0,0,0,0,0,0,0,0,0,0,0,0,0,0,0,0,0,0,0,0,0,0,0,0,0,0,0,0,0,0,0,0,0,0
2015-09-29,0,0,1,0,0,0,0,0,1,0,0,0,0,0,0,0,0,0,0,0,0,0,1,0,0,0,0,1,0,0,0,0,0,0,0,0,0,0,0,0,0,0,0,0,0,0,0
2015-09-30,1,0,0,0,0,0,0,0,0,0,0,0,0,0,0,0,0,0,0,1,0,0,1,0,0,1,0,0,0,0,0,0,0,0,0,0,0,0,0,0,0,0,0,0,0,0,0
2015-10-01,0,0,0,0,0,0,0,0,0,0,0,0,0,0,0,0,0,0,0,0,0,0,0,0,0,0,0,0,0,0,0,0,0,0,0,0,0,0,0,0,0,0,0,0,0,0,0
2015-10-02,0,0,0,0,0,0,0,0,0,0,0,0,0,0,0,0,0,0,0,0,0,0,0,0,0,0,0,0,0,1,0,0,0,0,0,0,0,0,0,0,0,0,0,0,0,0,0
2015-10-03,0,0,0,0,0,0,0,0,0,0,0,0,0,0,0,0,0,0,0,0,0,0,0,0,0,0,0,0,0,0,0,0,0,0,0,0,0,0,0,0,0,0,0,0,0,0,0
2015-10-04,1,0,0,0,0,0,0,0,1,0,0,0,0,0,0,0,0,0,0,0,0,0,0,0,0,0,0,0,0,0,0,0,0,0,0,0,0,0,1,0,0,0,0,0,0,0,0
2015-10-05,0,0,0,0,0,0,0,0,0,0,0,0,0,0,0,0,0,0,0,0,0,0,0,0,0,0,0,0,0,0,0,0,0,0,0,0,0,0,0,0,0,0,0,0,0,0,0
2015-10-06,1,0,0,0,0,0,0,0,1,0,0,0,1,0,0,0,0,0,0,0,0,0,0,0,0,0,0,0,0,0,0,0,0,0,0,0,0,0,0,0,0,0,0,0,0,0,0
2015-10-07,0,0,0,0,0,0,0,0,0,0,0,0,0,0,0,0,0,0,0,0,0,0,0,0,0,0,0,0,0,0,0,0,0,0,0,0,0,0,0,0,0,0,0,0,0,0,0
2015-10-08,0,0,0,0,0,0,0,0,1,0,0,0,1,0,0,0,0,0,0,0,0,0,0,0,0,0,0,0,0,0,0,0,0,0,0,0,0,0,0,0,0,0,0,0,0,0,0
2015-10-09,0,0,0,0,0,0,0,0,0,0,0,0,0,0,0,0,0,0,0,0,0,0,0,0,0,0,0,0,0,1,0,0,0,0,0,0,0,0,0,0,0,0,0,0,0,0,0
2015-10-10,0,0,0,1,0,0,0,0,0,0,0,0,0,0,0,0,0,0,0,0,0,0,0,0,0,0,0,0,0,0,0,0,0,0,0,0,0,0,0,1,0,0,0,0,0,0,0
2015-10-11,0,0,0,0,0,0,0,0,2,0,0,0,0,0,0,0,0,0,0,0,0,0,0,0,0,0,0,0,0,0,0,0,0,0,0,0,0,0,0,0,0,0,0,0,0,0,0
2015-10-12,0,0,0,0,0,0,0,0,0,0,0,0,0,0,0,0,0,0,0,0,0,0,0,0,0,0,0,0,0,0,0,0,0,0,0,0,0,0,0,0,0,0,0,0,0,0,0
2015-10-13,0,0,0,0,0,0,0,0,0,0,0,0,0,0,0,0,0,0,0,0,0,0,0,0,0,0,0,0,0,0,0,0,0,0,0,0,0,0,0,0,0,0,0,0,0,0,0
2015-10-14,0,0,0,0,0,0,0,0,0,0,0,0,0,0,0,0,0,0,0,0,0,0,1,0,0,0,0,0,0,0,0,0,0,0,0,1,0,0,0,0,0,0,0,0,0,0,0
2015-10-15,1,0,1,0,0,0,0,0,0,0,0,0,0,0,0,0,0,0,0,0,0,0,0,0,0,0,0,0,0,0,0,0,0,0,0,0,0,0,0,0,0,0,0,0,0,0,0
2015-10-16,0,0,0,0,0,0,0,0,0,0,0,0,0,0,0,0,0,0,0,0,0,0,1,0,0,0,0,0,0,0,0,0,0,0,0,0,0,0,0,0,0,0,0,0,0,0,0
2015-10-17,0,0,1,0,0,0,0,0,0,0,0,0,0,0,0,0,0,0,0,0,0,1,0,0,0,0,0,0,0,0,0,0,0,0,0,0,0,0,0,0,0,0,0,0,0,0,0
2015-10-18,0,0,0,1,0,0,0,0,1,0,0,0,1,0,0,0,0,0,0,0,0,0,0,0,0,0,0,0,0,1,0,0,0,0,0,0,0,0,0,0,0,0,0,0,0,0,0
2015-10-19,0,0,0,0,0,0,0,0,0,0,0,0,0,0,0,0,0,0,0,0,0,0,1,0,0,0,0,0,0,0,0,0,0,0,0,0,0,0,0,0,0,0,0,0,0,0,0
2015-10-20,0,0,0,0,0,0,0,0,0,0,0,0,0,0,0,0,0,0,0,0,0,0,0,0,0,0,0,0,0,0,0,0,0,0,0,0,0,0,0,0,0,0,0,0,0,0,0
2015-10-21,0,1,0,1,0,0,0,0,0,0,0,0,0,0,0,0,0,0,0,0,0,0,0,0,0,0,0,0,0,0,0,0,0,0,0,0,0,0,0,0,0,0,0,0,0,0,0
2015-10-22,0,0,0,0,0,0,0,0,1,0,0,0,0,0,0,0,0,0,0,0,0,0,0,0,1,0,0,0,0,0,0,0,0,0,0,0,0,0,0,0,0,0,0,0,0,0,0
2015-10-23,0,0,0,0,0,0,0,0,0,0,0,0,1,0,0,0,0,0,0,0,0,0,0,0,0,0,0,1,0,0,0,0,0,0,0,0,0,0,0,0,1,0,0,0,0,0,0
2015-10-24,0,0,0,0,0,0,0,0,0,0,0,0,0,0,0,0,0,0,0,0,0,0,0,0,0,0,0,0,0,0,0,0,0,0,0,0,0,0,0,0,0,0,0,0,0,0,0
2015-10-25,0,0,0,0,0,1,0,0,0,0,0,0,0,0,0,0,0,0,0,0,0,0,0,0,0,0,0,0,0,0,0,0,0,0,0,0,0,0,0,0,0,0,0,1,0,0,0
2015-10-26,0,0,1,0,0,0,0,0,0,0,0,0,0,0,0,0,0,0,0,0,0,0,0,0,0,0,0,0,0,0,0,0,0,0,0,0,0,0,0,0,0,0,0,0,0,0,0
2015-10-27,0,0,2,0,0,0,0,0,0,0,0,0,0,0,0,0,0,0,0,0,0,0,0,0,0,0,0,0,0,0,0,0,0,0,0,0,0,0,1,0,0,0,0,0,0,0,0
2015-10-28,0,0,0,0,0,0,0,0,0,0,0,0,0,0,0,0,0,0,0,0,0,0,0,1,0,0,0,0,0,0,0,0,0,0,0,0,0,0,0,0,0,0,0,0,0,0,0
2015-10-29,0,0,0,0,0,0,0,0,1,0,0,0,0,0,0,0,0,0,0,0,0,0,0,0,0,0,0,0,0,0,0,0,0,0,0,0,0,0,0,0,0,0,0,0,0,0,0
2015-10-30,0,0,0,0,0,0,0,0,0,0,0,0,1,0,0,0,0,0,0,0,0,0,1,0,0,0,0,0,0,0,0,0,0,0,0,0,0,0,0,0,0,0,0,0,0,0,0
2015-10-31,0,0,1,1,0,0,0,0,1,0,0,0,0,0,0,0,0,0,0,0,0,0,0,0,0,0,0,0,0,0,0,0,0,0,0,0,0,0,0,0,0,0,0,0,0,0,0
2015-11-01,0,0,0,0,0,0,0,0,1,0,0,0,0,0,0,0,0,0,0,0,0,0,0,0,0,0,0,0,0,0,0,0,0,0,0,0,0,0,0,0,0,0,0,0,0,0,0
2015-11-02,0,0,0,0,0,0,0,0,0,0,0,0,0,0,0,0,0,0,0,0,0,0,0,0,1,0,0,0,0,0,0,0,0,0,0,0,0,0,0,0,0,0,0,0,0,0,0
2015-11-03,0,0,0,0,0,0,0,0,1,0,0,0,0,0,0,0,0,0,0,0,0,0,1,0,0,0,0,0,0,0,0,0,0,0,0,0,0,0,0,0,0,0,0,0,0,0,0
2015-11-04,0,0,0,0,0,0,0,0,0,0,0,0,0,0,0,0,0,0,0,0,0,0,0,0,0,0,0,0,0,0,0,0,0,0,0,0,0,0,0,0,0,0,0,0,0,0,0
2015-11-05,0,0,0,0,0,0,0,0,0,0,0,0,0,0,0,0,0,0,0,0,0,0,0,0,0,0,0,0,0,0,0,0,0,0,0,0,0,0,0,0,0,0,0,0,0,0,0
2015-11-06,0,0,0,0,0,0,0,0,0,0,0,0,0,0,0,0,0,0,0,0,0,0,0,0,0,0,0,0,0,0,1,0,0,0,0,0,0,0,0,0,1,0,0,0,0,0,0
2015-11-07,0,0,1,0,0,0,0,0,0,0,0,0,0,0,0,0,0,0,0,0,0,0,0,0,0,0,0,0,0,0,0,0,0,0,0,0,0,0,0,0,0,0,0,0,0,0,0
2015-11-08,0,0,0,0,0,0,0,0,0,0,0,0,0,0,0,0,0,0,0,0,0,0,0,0,0,0,0,0,0,0,0,0,0,0,0,0,0,0,0,0,0,0,0,0,0,0,0
2015-11-09,0,0,0,0,0,0,0,0,0,0,0,0,0,0,0,0,0,0,0,0,0,0,0,0,0,0,0,0,0,0,1,0,0,0,0,0,0,0,0,0,0,0,0,0,0,0,0
2015-11-10,0,0,0,0,0,0,0,0,1,0,0,0,1,0,0,0,0,0,0,0,0,0,0,0,0,0,0,0,0,0,0,0,0,0,0,0,0,0,0,0,0,0,0,0,0,0,0
2015-11-11,0,0,0,0,0,0,0,0,0,0,0,0,0,0,0,0,0,0,0,0,0,0,0,0,0,0,0,0,0,0,0,0,0,0,0,0,0,0,0,0,0,0,0,0,0,0,0
2015-11-12,0,0,1,0,0,0,0,0,1,0,0,0,0,0,0,0,0,1,0,0,0,0,0,0,0,0,0,0,0,0,0,0,0,0,0,0,0,0,0,0,0,0,0,0,0,0,0
2015-11-13,0,0,0,0,0,0,0,0,0,0,0,0,0,0,0,0,0,0,0,0,0,0,0,0,0,0,0,0,0,0,0,0,0,0,0,0,0,0,0,0,1,0,0,0,0,0,0
2015-11-14,0,0,0,0,0,0,0,0,0,0,0,0,1,0,0,0,0,0,0,0,0,0,1,0,0,0,0,0,0,0,0,0,0,0,0,0,0,0,0,0,0,0,0,0,0,0,0
2015-11-15,0,0,0,0,0,0,0,0,1,0,0,0,0,0,0,0,0,0,0,0,0,0,1,0,0,0,0,0,0,0,0,0,0,0,0,0,0,0,1,0,0,0,0,0,0,0,0
2015-11-16,0,0,0,0,0,0,0,0,0,0,0,0,0,0,0,0,0,0,0,0,0,0,0,0,0,0,0,0,0,0,0,0,0,0,0,0,0,0,0,0,1,0,0,0,0,0,0
2015-11-17,0,0,0,0,0,0,0,0,0,0,0,0,0,0,0,0,0,0,0,0,0,0,1,0,0,0,0,0,0,0,0,0,0,0,0,0,0,0,0,0,0,0,0,0,0,0,1
2015-11-18,0,0,0,0,0,0,0,0,0,0,0,1,0,0,0,0,0,0,0,0,0,0,0,0,0,0,0,0,0,0,0,0,0,0,0,0,0,0,0,0,0,0,0,0,0,0,0
2015-11-19,0,0,0,0,0,0,0,0,0,0,0,0,0,0,0,0,0,0,0,0,0,0,0,0,0,0,0,0,0,0,0,0,0,0,0,0,0,0,0,0,0,0,0,0,0,0,0
2015-11-20,0,0,1,0,0,0,0,0,0,0,0,0,0,0,0,0,0,0,0,0,0,0,0,0,0,0,0,0,0,0,0,0,0,0,0,0,0,0,0,0,0,0,0,0,0,0,0
2015-11-21,0,0,0,1,0,0,0,0,1,0,0,0,0,0,0,0,0,0,0,0,0,0,0,0,0,0,0,0,0,0,0,0,0,0,0,0,0,0,0,0,0,0,0,0,0,0,1
2015-11-22,0,0,0,0,0,0,0,0,0,0,0,0,0,0,0,0,0,0,0,0,0,0,0,0,0,0,0,0,0,0,0,0,0,0,0,0,0,0,0,0,0,0,0,0,0,0,0
2015-11-23,1,0,0,0,0,0,0,0,1,0,0,0,0,0,0,0,0,0,0,0,0,0,0,0,0,0,0,0,0,1,0,0,0,0,0,0,0,0,0,0,0,0,0,0,0,0,1
2015-11-24,0,0,0,0,0,0,0,0,0,0,0,0,0,1,0,0,0,0,0,0,0,0,0,0,0,0,0,0,0,0,0,0,0,0,0,0,0,0,0,0,0,0,0,0,0,0,0
2015-11-25,0,0,0,0,0,0,0,0,0,0,0,0,0,0,0,0,0,0,0,0,0,0,0,0,0,0,0,0,0,0,0,0,0,0,0,0,0,0,0,0,1,0,0,0,0,0,0
2015-11-26,0,0,0,0,0,0,0,0,0,0,0,0,0,0,0,0,0,0,0,0,0,0,0,0,0,0,0,0,0,0,1,0,0,0,0,1,0,0,0,0,0,0,0,0,0,0,0
2015-11-27,0,0,0,0,0,0,0,0,0,0,0,0,0,0,0,0,0,0,0,0,0,0,0,0,0,0,0,0,1,0,0,0,0,0,0,0,0,0,0,0,0,0,0,0,0,0,2
2015-11-28,0,0,0,0,0,0,0,0,0,0,0,0,0,0,0,0,0,0,0,0,0,0,0,0,0,0,0,0,0,0,1,0,0,0,0,0,0,0,0,0,0,0,0,0,0,0,0
2015-11-29,0,0,0,0,0,0,0,0,2,0,0,0,1,0,0,0,0,0,0,0,0,0,0,0,0,0,0,0,1,0,0,0,0,0,0,0,0,0,0,0,0,0,0,0,0,0,0
2015-11-30,0,0,0,0,0,0,0,0,0,0,0,0,0,0,0,0,0,0,0,0,1,0,0,0,0,0,0,0,0,0,0,0,0,0,0,0,0,0,0,0,0,0,0,0,0,0,0
2015-12-01,0,0,0,0,0,0,0,0,0,0,0,0,0,0,0,0,0,0,0,0,0,0,0,0,0,0,0,0,0,0,0,0,0,0,0,0,0,0,0,0,0,0,0,0,0,0,0
2015-12-02,1,0,0,0,0,0,0,0,0,0,0,0,0,0,0,0,0,0,0,0,0,0,0,0,0,0,0,0,0,0,0,0,0,0,0,0,0,0,0,0,1,0,0,0,0,0,0
2015-12-03,0,0,0,0,0,0,0,0,0,0,0,0,0,0,0,0,0,0,0,0,0,0,0,0,0,0,0,0,0,0,0,0,0,0,0,0,0,0,0,0,0,0,0,0,0,0,0
2015-12-04,0,0,0,1,0,0,0,0,0,0,0,0,0,0,0,0,0,0,0,0,0,0,1,0,0,0,0,0,0,0,0,0,0,0,0,0,0,0,0,0,0,0,0,0,0,0,1
2015-12-05,0,0,0,0,0,0,0,0,0,0,0,0,0,0,0,0,0,0,0,0,0,0,0,0,0,0,0,0,0,0,0,0,0,0,0,0,0,0,0,0,0,0,0,0,0,0,0
2015-12-06,0,0,0,0,0,0,0,0,0,0,0,0,0,0,0,0,0,0,0,0,0,0,0,0,0,0,0,0,0,0,0,0,0,0,0,0,0,0,0,0,0,0,0,0,0,0,2
2015-12-07,0,0,0,0,0,0,0,0,0,0,0,0,0,0,0,0,0,0,0,0,0,0,0,0,0,0,0,0,0,0,0,0,0,0,0,0,0,0,0,0,0,0,0,0,0,0,0
2015-12-08,0,0,0,0,0,0,0,0,0,0,0,0,1,0,0,0,0,0,0,0,0,0,0,0,2,0,0,0,0,0,0,0,0,0,0,0,0,0,0,0,0,0,0,0,0,0,1
2015-12-09,0,0,0,0,0,0,0,0,0,0,0,0,0,0,0,0,0,0,0,0,1,0,0,0,0,0,0,0,0,0,0,0,0,0,0,0,0,0,0,0,0,0,1,0,0,0,2
2015-12-10,0,0,0,0,0,0,0,0,0,0,0,0,0,0,0,0,0,0,0,0,0,0,3,0,0,0,0,0,0,0,0,0,0,0,0,0,0,0,0,0,0,0,0,0,0,0,0
2015-12-11,0,0,0,0,0,0,0,0,0,0,0,0,0,0,0,0,0,0,0,0,0,0,1,0,0,0,0,0,0,0,0,0,0,0,0,0,0,0,0,0,0,0,0,0,0,0,1
2015-12-12,0,0,0,0,0,0,0,0,0,0,0,0,0,1,0,0,0,0,0,0,0,0,0,0,0,0,0,0,0,0,0,0,0,0,0,0,0,0,0,0,0,0,0,0,0,0,1
2015-12-13,0,0,1,0,0,0,1,0,0,0,0,0,1,0,0,0,0,0,0,0,0,0,1,0,0,0,0,0,0,0,0,0,0,0,0,0,0,0,0,0,0,0,0,0,0,0,0
2015-12-14,0,0,0,0,0,0,0,0,0,0,0,0,0,0,0,0,0,0,0,0,0,0,0,0,0,0,0,0,0,0,0,0,0,0,0,0,0,0,0,0,0,0,0,0,0,0,0
2015-12-15,0,0,0,0,0,0,0,1,0,0,0,0,1,0,0,0,0,0,0,0,0,0,0,0,0,0,0,1,0,0,0,0,0,0,0,0,0,0,0,0,0,0,0,0,0,0,0
2015-12-16,0,0,0,0,0,0,0,0,1,0,0,0,0,0,0,0,0,0,0,0,0,0,1,0,0,0,0,0,0,0,0,1,0,0,0,0,0,0,0,0,0,0,0,0,0,0,0
2015-12-17,0,0,0,0,0,0,0,1,1,0,0,0,0,0,0,0,0,0,0,0,0,0,1,0,0,0,0,0,0,0,0,0,0,0,0,0,0,0,0,1,0,0,0,0,0,0,0
2015-12-18,0,0,0,0,0,0,0,0,0,0,0,0,2,0,0,0,0,0,0,0,0,0,0,0,0,0,1,0,0,0,0,0,0,0,0,0,0,0,0,0,1,0,0,0,0,0,0
2015-12-19,0,0,0,0,0,0,0,0,0,0,0,0,2,1,0,0,0,0,0,0,1,0,0,0,0,0,0,0,0,0,0,0,0,0,0,0,0,0,0,0,0,0,0,0,0,0,0
2015-12-20,0,0,1,0,0,0,0,0,0,0,0,0,0,0,0,0,0,0,0,0,0,0,0,0,1,0,0,0,0,0,1,0,0,0,0,0,0,0,0,0,0,0,0,0,0,0,0
2015-12-21,0,0,0,0,0,0,0,0,1,0,0,0,1,0,0,0,0,0,0,0,0,0,0,0,0,0,0,0,0,0,0,0,0,0,0,0,0,0,0,0,0,0,0,0,0,0,0
2015-12-22,0,0,0,0,0,0,0,0,0,0,0,0,0,0,0,0,0,0,0,1,0,1,0,0,0,0,0,0,0,0,0,0,0,0,0,0,0,0,0,0,1,0,0,0,0,0,0
2015-12-23,0,0,0,0,0,0,0,0,1,0,0,0,0,0,0,0,0,0,0,0,0,0,0,0,0,0,0,0,0,0,0,0,0,0,0,0,0,0,0,0,0,0,0,0,0,0,0
2015-12-24,0,0,0,0,0,0,0,0,0,0,0,0,0,0,0,0,0,0,0,0,0,0,0,1,0,0,0,0,0,0,0,0,0,0,0,0,0,0,0,0,0,0,0,0,0,0,2
2015-12-25,0,0,1,0,0,0,0,0,0,0,0,0,0,0,0,0,0,0,0,0,1,0,0,0,0,0,0,0,1,0,0,0,0,0,0,0,0,0,0,0,0,0,0,0,0,0,1
2015-12-26,0,0,0,0,0,0,0,0,0,0,0,0,0,0,0,0,0,0,0,0,0,0,1,0,0,0,0,0,0,0,0,0,0,0,0,0,0,0,0,0,0,0,0,0,0,0,4
2015-12-27,0,0,0,0,0,0,0,0,0,0,0,0,0,0,0,0,0,0,0,0,0,0,0,0,0,0,0,1,0,0,0,0,0,0,0,0,0,0,0,0,1,0,0,0,0,0,0
2015-12-28,0,0,1,0,0,0,0,0,0,0,0,0,0,0,0,0,0,0,0,0,1,0,0,0,0,0,0,0,0,0,0,0,0,0,0,0,0,0,0,0,0,0,0,0,0,0,0
2015-12-29,0,0,1,1,0,0,0,0,0,0,0,0,0,0,0,0,0,0,0,0,0,0,0,0,0,0,0,0,0,0,0,0,0,0,0,0,0,0,0,0,0,0,0,0,0,0,0
2015-12-30,0,0,0,0,0,0,0,0,1,0,0,0,2,0,0,0,0,0,0,0,0,0,1,0,0,0,0,0,0,0,0,0,0,0,0,0,0,0,0,0,0,0,0,0,0,0,0
2015-12-31,0,0,0,1,0,0,0,0,0,0,0,0,0,0,0,1,0,0,0,0,1,0,1,0,0,0,0,1,0,0,0,0,0,0,0,0,0,0,0,0,0,0,0,0,0,0,0
2016-01-01,0,0,0,0,0,0,0,0,0,0,0,0,0,0,0,0,0,0,0,0,0,1,0,0,0,0,0,0,0,0,0,0,0,0,0,0,0,0,0,0,0,0,0,0,0,0,0
2016-01-02,0,0,0,0,0,0,0,0,1,0,0,0,0,0,0,0,0,0,0,0,0,0,0,0,0,0,0,0,0,0,0,0,0,0,0,0,0,0,0,0,1,0,0,0,0,0,0
